Ürün Adı,Fiyat (TL)
Samsung Galaxy Watch7 Krem (40mm),5099.0
Samsung Galaxy Watch7 Gümüş (44mm),5940.0
"Samsung Galaxy Watch6 Krem (Bluetooth, 40mm)",4999.0
Samsung Galaxy Watch FE Siyah (Samsung Türkiye Garantili),3529.0
Samsung Galaxy Watch7 Yeşil (44mm),5914.0
Samsung Galaxy Watch7 Yeşil (40mm),4999.0
Samsung Galaxy Watch4 Bluetooth (40MM) (PEMBE ALTIN),5699.0
Samsung Galaxy Watch Ultra 47 mm Bluetooth Gümüş Titanyum (Samsung Türkiye Garantili),20049.0
Samsung Galaxy Watch FE Gümüş (Samsung Türkiye Garantili),3490.0
"Samsung Galaxy Watch6 Siyah (Bluetooth, 40mm)",4999.0
VEFTECH Akıllı Saat Watch9 Arama Konuşma Özellikli Huawei Samsung Oppo Iphone Uyumlu Akıllı Saat,1990.0
Samsung Galaxy Watch FE Pembe (Samsung Türkiye Garantili),4500.0
"LaraThec Kadın Akıllı Kol Saati Arama,nfc,gps,bluetooth,Huawei,Samsung,Iphone Uyumlu 7-8 Hediyeli",995.0
Samsung Galaxy Watch4 Classic Bluetooth (46MM) Siyah,5999.0
"Samsung Galaxy Watch6 Classic Siyah (Bluetooth, 47mm)",7256.0
Samsung Galaxy Watch5 Pro (gri Titanyum),7149.0
"MATEO T700 Akıllı Saat + Kablosuz Kulaklık Seti - Siyah, Samsung, Xiaomi, Huawei, iPhone Uyumlu",548.11
Wearfitpro Yuvarlak Spor Klasik Arama Yapan Erkek Akıllı Saat Android Ve Ios Huawei Iphone Samsung Uyumlu,1499.0
Samsung Galaxy Watch 6 44mm Gümüş Akıllı Saat,5670.0
Bunnys Samsung Galaxy M13 Uyumlu Watch 8 Pro 45mm Nfc Özellikli Bt Çağrı Destekli Akıllı Saat,2054.65
Samsung Galaxy Watch 6 Classic 47mm Gümüş Akıllı Saat,7249.0
Samsung Galaxy Watch4 Classic Bluetooth (46MM) Gümüş,6999.0
Samsung Galaxy Watch5 (44MM) (SAFİR),5299.0
Samsung Galaxy Watch5 (44MM) (GÜMÜŞ),7148.9
